emotion,outcome,n_ratings,n_workers,status,difference,se,z,p_two_sided,ci95_low,ci95_high,diagnostic,p_holm,significant_holm_05,few_worker_clusters
admiration,naturalness,100,18,ok,0.19870860249384498,0.2884688925299562,0.6888389273141816,0.49092463575830314,-0.36669042686486925,0.7641076318525593,,0.49092463575830314,False,True
admiration,emotion_match,100,18,ok,0.31739169419894164,0.33680678105191875,0.9423554157896118,0.3460107052576443,-0.3427495966628191,0.9775329850607024,,0.3460107052576443,False,True
admiration,coordination,100,18,ok,-0.18299162345014142,0.302874668434386,-0.6041826620762253,0.5457222066608093,-0.776625973581538,0.4106427266812551,,0.9341570382452993,False,True
admiration,believability,100,18,ok,0.15325133905497276,0.3244795774401212,0.47229887398153264,0.6367134739795965,-0.48272863272766475,0.7892313108376103,,0.6367134739795965,False,True
anger,naturalness,100,18,ok,1.369440408403764,0.3385558064083471,4.044947339500128,5.233488670455027e-05,0.7058710278434036,2.033009788964124,,0.0011513675075001059,True,True
anger,emotion_match,100,18,ok,1.942140582565294,0.4239049567496153,4.5815472351564015,4.615483234808905e-06,1.111286867336048,2.77299429779454,,0.00010144481823023813,True,True
anger,coordination,100,18,ok,1.041114497824687,0.45849857692103985,2.2707038805138584,0.02316490995922101,0.14245728705944882,1.9397717085899249,,0.382688450663919,False,True
anger,believability,100,18,ok,1.473647069253179,0.4852751804003423,3.0367245817876976,0.0023916387215772157,0.5225077156685081,2.4247864228378497,,0.0454411357099671,True,True
disappointment,naturalness,100,18,ok,0.9840974773717117,0.33576614300058444,2.93090145592791,0.003379799761613612,0.32599583709056623,1.6421991176528572,,0.05069699642420418,False,True
disappointment,emotion_match,100,18,ok,1.4169377572302493,0.4003458856150829,3.5392839245826053,0.0004012140756780248,0.6322598214246868,2.2016156930358117,,0.004814568908136298,True,True
disappointment,coordination,100,18,ok,0.5299645150751742,0.3784444578344678,1.4003759444853108,0.16140076966125327,-0.2117866222803827,1.2717156524307311,,0.7988545402916175,False,True
disappointment,believability,100,18,ok,0.9722196980890742,0.40719307798985394,2.387613519582715,0.016958164596729504,0.17412126522896043,1.770318130949188,,0.13466552062487636,False,True
disliking,naturalness,100,18,ok,1.2138619319203048,0.5057810948408307,2.399974898829121,0.016396196140920395,0.22253098603227672,2.205192877808333,,0.12038033736726056,False,True
disliking,emotion_match,100,18,ok,1.7436422926205946,0.43070137417012655,4.048378754259228,5.1573639243710925e-05,0.8994675992471466,2.5878169859940425,,0.0009798991456305077,True,True
disliking,coordination,100,18,ok,0.8504735751494619,0.45872039113092805,1.8540130144480966,0.06373729809139864,-0.048618391467157074,1.749565541766081,,0.747831668026465,False,True
disliking,believability,100,18,ok,1.3902962375034271,0.49887938196593734,2.7868384378297564,0.00532250076230671,0.41249264885019,2.3680998261566644,,0.07725960856498125,False,True
distress,naturalness,100,18,ok,1.2873377567346895,0.41284407899728837,3.118217802375567,0.0018194828995731036,0.4781633619000043,2.0965121515693745,,0.03004971422324809,True,True
distress,emotion_match,100,18,ok,1.8712686041228725,0.48583292471887696,3.851671035275483,0.00011731454986912241,0.9190360716738737,2.8235011365718714,,0.0017597182480368363,True,True
distress,coordination,100,18,ok,0.7675672839309262,0.3464254836314737,2.215677888025876,0.02671357032408026,0.0885733360132378,1.4465612318486145,,0.4007035548612039,False,True
distress,believability,100,18,ok,1.4224534547674237,0.4645569244376945,3.061957275718534,0.0021989483633363723,0.5119218828695425,2.332985026665305,,0.043978967266727446,True,True
fear,naturalness,100,18,ok,0.8570724535924775,0.42424852663580326,2.020213152863186,0.043361282554929687,0.025545341386303155,1.688599565798652,,0.17344513021971875,False,True
fear,emotion_match,100,18,ok,1.613578098586598,0.5151009085889842,3.132547568216628,0.001732963437875837,0.603980317752189,2.623175879421007,,0.009298082610246205,True,True
fear,coordination,100,18,ok,0.6453368338253432,0.45903922254913637,1.405842468627537,0.1597709080583235,-0.254380042370964,1.5450537100216506,,0.7988545402916175,False,True
fear,believability,100,18,ok,1.1095007469015181,0.5045097043802718,2.1991663138856836,0.027866098647439528,0.12066172631618544,2.0983397674868507,,0.13933049323719765,False,True
fearsConfirmed,naturalness,100,18,ok,1.4162696800753503,0.5018764359620382,2.8219489471756676,0.004773277526174341,0.4325918655897554,2.399947494560945,,0.056973179640902295,False,True
fearsConfirmed,emotion_match,100,18,ok,1.9725405591498295,0.5242373223627071,3.762686239620834,0.00016809804173159554,0.9450354073189235,3.0000457109807357,,0.0023533725842423375,True,True
fearsConfirmed,coordination,100,18,ok,0.8721670422847134,0.510636069916415,1.7080012432875664,0.08763611178300576,-0.12867965475145993,1.8730137393208868,,0.747831668026465,False,True
fearsConfirmed,believability,100,18,ok,1.5269892634907793,0.5653423067111099,2.700999457079499,0.006913145136107665,0.418918342337004,2.635060184644555,,0.08987088676939964,False,True
gloating,naturalness,100,18,ok,0.743021807067066,0.3340993245406644,2.2239548316615356,0.02615148336131668,0.08818713096736386,1.3978564831667681,,0.1307574168065834,False,True
gloating,emotion_match,100,18,ok,1.0457641397187691,0.3615398736850381,2.8925278118280398,0.003821553462483208,0.33714598729609446,1.7543822921414438,,0.015286213849932832,True,True
gloating,coordination,100,18,ok,0.5258552452750882,0.2821085979435833,1.8640170810400112,0.06231930566887208,-0.02707760669433501,1.0787880972445114,,0.747831668026465,False,True
gloating,believability,100,18,ok,0.9993019940964046,0.38566957900257964,2.5910832705052957,0.009567433815803664,0.2433896192513485,1.7552143689414608,,0.10524177197384031,False,True
gratification,naturalness,100,18,ok,1.4316369484094462,0.4578705520977169,3.126728595779866,0.0017676302484263581,0.5342106662979211,2.3290632305209713,,0.03004971422324809,True,True
gratification,emotion_match,100,18,ok,1.5737920524490723,0.43587014546903347,3.6106901764412833,0.00030538328572720454,0.7194865673297667,2.428097537568378,,0.003969982714453659,True,True
gratification,coordination,100,18,ok,0.926494348227346,0.3903861953264849,2.3732764101776374,0.017631064116590572,0.16133740538743568,1.6916512910672563,,0.3349902182152209,False,True
gratification,believability,100,18,ok,1.4649804636901318,0.473743352380476,3.09235043896419,0.00198578270338416,0.5364434930243989,2.3935174343558647,,0.041701436771067364,True,True
gratitude,naturalness,100,18,ok,1.1069219598557023,0.39036320720252676,2.835620620570968,0.00457367403832146,0.34181007373874983,1.8720338459726547,,0.056973179640902295,False,True
gratitude,emotion_match,100,18,ok,1.5249748934731169,0.4400231737441489,3.465669502124477,0.0005289130109975305,0.6625294729345851,2.387420314011649,,0.0053399531325039285,True,True
gratitude,coordination,100,18,ok,0.7424680256093267,0.4212279090590985,1.7626278070410524,0.07796328398643672,-0.08313867614650639,1.5680747273651598,,0.747831668026465,False,True
gratitude,believability,100,18,ok,1.1392172063969233,0.4888665051482569,2.3303237067784726,0.01978904870409969,0.18103885630633976,2.097395556487507,,0.13466552062487636,False,True
happyfor,naturalness,100,18,ok,1.211996953932719,0.4985112688820179,2.431232811749258,0.01504754217090757,0.2349148669239638,2.1890790409414738,,0.12038033736726056,False,True
happyfor,emotion_match,100,18,ok,1.860133074039199,0.5621026911743601,3.309240648097519,0.0009354939194274818,0.7584117993374533,2.9618543487409448,,0.007483951355419854,True,True
happyfor,coordination,100,18,ok,1.1170600872899827,0.3944919985379994,2.8316419380617224,0.004630967481411219,0.34385577015550395,1.8902644044244616,,0.0972503171096356,False,True
happyfor,believability,100,18,ok,1.5364603450754877,0.5251574097492172,2.925713922248962,0.0034366680484579936,0.5071518219670219,2.5657688681839534,,0.05842335682378589,False,True
hope,naturalness,100,18,ok,0.5620549551439243,0.33112985561568864,1.6973853176085965,0.08962383656255657,-0.08695956186282539,1.211069472150674,,0.17924767312511314,False,True
hope,emotion_match,100,18,ok,0.7656031615473381,0.4076454342680221,1.8781104783427134,0.060366053188515664,-0.03338188961798516,1.5645882127126614,,0.12073210637703133,False,True
hope,coordination,100,18,ok,0.3545775039559619,0.35026271014826665,1.0123187358593462,0.31138567941509976,-0.33193740793464077,1.0410924158465646,,0.9341570382452993,False,True
hope,believability,100,18,ok,0.5858546356013292,0.38406789298717847,1.5253934168896723,0.12716099975471323,-0.16691843465354061,1.338627705856199,,0.25432199950942647,False,True
joy,naturalness,100,18,ok,1.4174777364700126,0.3981678130696998,3.560000808558278,0.000370853652004895,0.637068822853401,2.197886650086624,,0.007787926692102795,True,True
joy,emotion_match,100,18,ok,2.0710968495129194,0.5192533975448225,3.9886052923402207,6.646290183197316e-05,1.0533601903250673,3.0888335087007714,,0.0011298693311435437,True,True
joy,coordination,100,18,ok,1.175980957618607,0.3910414365623573,3.0073052307618546,0.002635749659388777,0.40953974195638687,1.9424221732808273,,0.05798649250655309,False,True
joy,believability,100,18,ok,1.561393589794566,0.46443185343807974,3.3619433685177635,0.0007739599497138085,0.6511071570559298,2.4716800225332025,,0.01702711889370379,True,True
liking,naturalness,100,18,ok,0.8402977779060016,0.4314759876228372,1.9474960415190583,0.05147529386931683,-0.005395157834759301,1.6859907136467625,,0.17344513021971875,False,True
liking,emotion_match,100,18,ok,1.6773547282371375,0.5225738163484765,3.2097948189554897,0.0013282975157494579,0.6531100481941234,2.7015994082801518,,0.009298082610246205,True,True
liking,coordination,100,18,ok,0.850912539448994,0.4599339536147555,1.8500755005396394,0.06430266847736776,-0.050558009635926715,1.752383088533915,,0.747831668026465,False,True
liking,believability,100,18,ok,1.132941691549997,0.5383089506668967,2.104630974733795,0.035323443186882304,0.07785614824287967,2.188027234857114,,0.14129377274752922,False,True
pity,naturalness,100,18,ok,1.3065892690613343,0.45482611957911473,2.872722591812495,0.004069512831493021,0.4151300746862695,2.198048463436399,,0.056973179640902295,False,True
pity,emotion_match,100,18,ok,1.8318815320995319,0.5250962078994849,3.488658848685106,0.0004854502847730844,0.8026929646165415,2.8610700995825225,,0.0053399531325039285,True,True
pity,coordination,100,18,ok,1.021482679183325,0.4447487644874924,2.296763388112913,0.021632271184244503,0.14977510078783984,1.89319025757881,,0.382688450663919,False,True
pity,believability,100,18,ok,1.4178285800218438,0.5349334881016444,2.650476389229978,0.00803783451794019,0.36935894334262076,2.466298216701067,,0.09645401421528227,False,True
pride,naturalness,100,18,ok,1.033138293436033,0.4254473718228622,2.4283574464438975,0.015167386442096519,0.19926144466322304,1.8670151422088428,,0.12038033736726056,False,True
pride,emotion_match,100,18,ok,1.2262028291297349,0.445806555891503,2.750526686799462,0.0059499544855429725,0.3524219795823891,2.0999836786770807,,0.017849863456628916,True,True
pride,coordination,100,18,ok,0.35199560895621773,0.35975091980737095,0.9784425544893511,0.3278554900056846,-0.3531161938662293,1.0571074117786647,,0.9341570382452993,False,True
pride,believability,100,18,ok,0.8210829087062612,0.3968814025970409,2.0688369455797297,0.03856139018868814,0.043195359616061024,1.5989704577964614,,0.14129377274752922,False,True
relief,naturalness,100,18,ok,1.3349651115185555,0.5311754909305354,2.51322799020698,0.011963199382652103,0.2938611492947061,2.376069073742405,,0.10766879444386893,False,True
relief,emotion_match,100,18,ok,1.7320569431001267,0.5413364294918205,3.199594279524278,0.001376211678937142,0.6710375412961587,2.7930763449040947,,0.009298082610246205,True,True
relief,coordination,100,18,ok,0.8986637197201008,0.41050402807086966,2.1891715020271496,0.028584377127323923,0.09407582470119635,1.7032516147390053,,0.4007035548612039,False,True
relief,believability,100,18,ok,1.2858979027276618,0.5203165358118688,2.471376199338406,0.013459414488341398,0.2660774925363991,2.3057183129189243,,0.13459414488341398,False,True
remorse,naturalness,100,18,ok,1.733895329870855,0.5466120027412525,3.1720769415515777,0.0015135290161024174,0.6625358044980001,2.80525485524371,,0.027243522289843513,True,True
remorse,emotion_match,100,18,ok,2.4441747694845533,0.5334594078815609,4.581744615191436,4.6111281013744605e-06,1.3985943300366939,3.4897552089324124,,0.00010144481823023813,True,True
remorse,coordination,100,18,ok,0.9799156084350535,0.4254349224737568,2.303326682109648,0.02126046948132883,0.14606316038649025,1.813768056483617,,0.382688450663919,False,True
remorse,believability,100,18,ok,1.7482807844229284,0.5909668828127502,2.958339689191817,0.0030930107519228866,0.589985694109938,2.906575874735919,,0.055674193534611956,False,True
reproach,naturalness,100,18,ok,1.2053838655435585,0.42215101928304355,2.8553380436951485,0.004299104313742116,0.3779678677487931,2.0327998633383237,,0.056973179640902295,False,True
reproach,emotion_match,100,18,ok,1.3683182623587522,0.3974212712744581,3.442992011904152,0.0005753163069336979,0.5893725706608144,2.1472639540566902,,0.0053399531325039285,True,True
reproach,coordination,100,18,ok,0.5315298930681305,0.3345771083270791,1.5886618654989162,0.11213675282661059,-0.1242412392529445,1.1873010253892056,,0.7849572697862741,False,True
reproach,believability,100,18,ok,0.9637832069386615,0.39891136620407586,2.4160334565288055,0.015690619554330577,0.18191692917867286,1.7456494846986501,,0.13466552062487636,False,True
resentment,naturalness,100,18,ok,1.3380110956771039,0.3760541631001838,3.5580276113593965,0.00037365004372978477,0.6009449360007436,2.075077255353464,,0.007787926692102795,True,True
resentment,emotion_match,100,18,ok,1.7057406658629444,0.43684260127512353,3.9047031147694056,9.434112862760104e-05,0.8495291673637022,2.5619521643621868,,0.0015094580580416166,True,True
resentment,coordination,100,18,ok,0.7961655751871781,0.40892611654628075,1.9469668064036967,0.05153871431878813,-0.005329613243532094,1.5976607636178883,,0.6700032861442456,False,True
resentment,believability,100,18,ok,1.3614177647293468,0.46875353362460975,2.9043360040451582,0.0036803295437713877,0.44266083882511176,2.280174690633582,,0.0588852727003422,False,True
satisfaction,naturalness,100,18,ok,1.3545230940235944,0.4744990482004198,2.8546381687397364,0.0043085885581075215,0.4245049595507715,2.2845412284964173,,0.056973179640902295,False,True
satisfaction,emotion_match,100,18,ok,2.1132842335903472,0.5263598988809194,4.014903563290722,5.9470105870011954e-05,1.0816188317837452,3.1449496353969493,,0.0010704619056602152,True,True
satisfaction,coordination,100,18,ok,0.9987620728184936,0.4107227844486423,2.4317182066226013,0.015027393570018175,0.19374541529915468,1.8037787303378325,,0.3005478714003635,False,True
satisfaction,believability,100,18,ok,1.5512392208341694,0.5545173584855946,2.7974583610342796,0.00515064057099875,0.4643851982024041,2.638093243465935,,0.07725960856498125,False,True
shame,naturalness,100,18,ok,1.1924872569523246,0.37070868228445264,3.216777253782537,0.0012963920613645547,0.4658982396747975,1.9190762742298517,,0.02463144916592654,True,True
shame,emotion_match,100,18,ok,1.7291047326505133,0.4104669088469814,4.212531376786598,2.5252462287918993e-05,0.9245895913104298,2.533619873990597,,0.0005050492457583798,True,True
shame,coordination,100,18,ok,0.5788795848098771,0.3837059682046545,1.5086541069935202,0.1313871992844243,-0.1731841128712457,1.330943282491,,0.7883231957065457,False,True
shame,believability,100,18,ok,1.0047253845431352,0.41291034672205784,2.433277326468754,0.014962835624986263,0.19542110496790188,1.8140296641183684,,0.13466552062487636,False,True
