emotion,outcome,n_ratings,n_workers,status,mean_expression,mean_minus_4,se,z,p_greater,mean_ci95_low,mean_ci95_high,diagnostic,p_holm,significant_holm_05,few_worker_clusters
admiration,naturalness,50,15,ok,4.2540811306952495,0.2540811306952495,0.39775988363964926,0.638780181576668,0.261482971350389,3.474471758761537,5.0336905026289624,,0.3968573472351158,False,True
admiration,emotion_match,50,15,ok,3.9747681716200125,-0.025231828379987498,0.3369318442361224,-0.07488703965394554,0.529847705770865,3.3143817569172125,4.6351545863228125,,0.529847705770865,False,True
admiration,coordination,50,15,ok,4.083499228882147,0.08349922888214678,0.3347916874643116,0.24940651757086324,0.4015231720617732,3.427307521452096,4.739690936312197,,0.7750308661367602,False,True
admiration,believability,50,15,ok,4.080436984173062,0.08043698417306189,0.3392561513042006,0.2370980861034897,0.40629034855475393,3.4154949276168285,4.745379040729295,,0.5223385360224331,False,True
anger,naturalness,50,15,ok,5.3486152845653745,1.3486152845653745,0.3718674065544167,3.626602549175083,0.00014358739996781378,4.619755167718718,6.077475401412031,,0.0030153353993240895,True,True
anger,emotion_match,50,15,ok,5.683753923085147,1.6837539230851473,0.31795171529413824,5.2956277387197,5.930412325525698e-08,5.060568561108636,6.306939285061659,,1.1860824651051396e-06,True,True
anger,coordination,50,15,ok,5.261702191022207,1.2617021910222066,0.36654648195268147,3.44213422619913,0.0002885718979481003,4.543271086394951,5.980133295649463,,0.006060009856910107,True,True
anger,believability,50,15,ok,5.329290259797106,1.329290259797106,0.3547577278312283,3.7470367958538167,8.946792319757113e-05,4.633965113247898,6.024615406346314,,0.0018788263871489937,True,True
disappointment,naturalness,50,15,ok,4.446169352389463,0.44616935238946276,0.4115573584890183,1.0841000487210777,0.1391602206280898,3.639516929750987,5.252821775027939,,0.3968573472351158,False,True
disappointment,emotion_match,50,15,ok,4.712952425285623,0.7129524252856232,0.31277071367199377,2.279473090416338,0.011319478912292494,4.099921826488515,5.325983024082731,,0.06791687347375497,False,True
disappointment,coordination,50,15,ok,4.246791997961427,0.24679199796142726,0.3879638390252614,0.6361211358808055,0.2623487352145454,3.486382873471915,5.007201122450939,,0.7750308661367602,False,True
disappointment,believability,50,15,ok,4.340853138355683,0.3408531383556834,0.3631797103289848,0.9385247266344342,0.17398740794258277,3.629020906110873,5.052685370600494,,0.5223385360224331,False,True
disliking,naturalness,50,15,ok,5.045748371352229,1.0457483713522286,0.375272317822464,2.786638719904081,0.002662890898297592,4.3102146284202,5.781282114284258,,0.03994336347446388,True,True
disliking,emotion_match,50,15,ok,5.116543930070899,1.1165439300708986,0.33475389324072496,3.3354173098981117,0.0004258573998444916,4.460426299319078,5.772661560822719,,0.005962003597822882,True,True
disliking,coordination,50,15,ok,4.6820874236515655,0.6820874236515655,0.40910841755612076,1.6672534574725488,0.04773200854001324,3.880234925241569,5.4839399220615626,,0.4295880768601192,False,True
disliking,believability,50,15,ok,4.789942270665309,0.7899422706653088,0.395269756808768,1.998489024414493,0.022831834337492373,4.015213547320124,5.564670994010494,,0.2859335865684618,False,True
distress,naturalness,50,15,ok,4.750821466286657,0.7508214662866566,0.3631860878890225,2.0673189070944877,0.019352056910386425,4.038976734024173,5.46266619854914,,0.19352056910386425,False,True
distress,emotion_match,50,15,ok,5.078434300607405,1.0784343006074053,0.304097747138389,3.5463409734391447,0.00019531021250964337,4.482402716216163,5.674465884998647,,0.0029296531876446506,True,True
distress,coordination,50,15,ok,4.599276824693262,0.5992768246932618,0.3632020134737338,1.6499821104009396,0.04947329753914777,3.8874008782847436,5.31115277110178,,0.4295880768601192,False,True
distress,believability,50,15,ok,4.707333616477178,0.707333616477178,0.37714626386382916,1.8754888600263713,0.030362750312678738,3.9681269393040726,5.446540293650283,,0.3339902534394661,False,True
fear,naturalness,50,15,ok,4.672481774388187,0.6724817743881868,0.4219424657659801,1.5937759977948323,0.055493107666733286,3.845474541486866,5.499489007289508,,0.3329586460003997,False,True
fear,emotion_match,50,15,ok,5.029882991650011,1.0298829916500107,0.34969037258795993,2.945128240243324,0.0016141041559420608,4.3444898613776095,5.715276121922412,,0.01775514571536267,True,True
fear,coordination,50,15,ok,4.772188482572935,0.7721884825729353,0.39780430176466824,1.9411265266551692,0.02612146611925418,3.9924920511141853,5.551884914031685,,0.27208896277349404,False,True
fear,believability,50,15,ok,4.78640530398458,0.78640530398458,0.4310521362509548,1.824385585521705,0.034046899819407055,3.9415431169327086,5.631267491036452,,0.34046899819407056,False,True
fearsConfirmed,naturalness,50,15,ok,4.93736509411797,0.9373650941179701,0.3127432808213161,2.9972349578743716,0.0013622032295631393,4.32438826370819,5.55034192452775,,0.023157454902573368,True,True
fearsConfirmed,emotion_match,50,15,ok,5.3882828045881315,1.3882828045881315,0.3268384325592058,4.247611866565442,1.080306441325909e-05,4.747679476772088,6.028886132404175,,0.00019445515943866364,True,True
fearsConfirmed,coordination,50,15,ok,4.896840290577518,0.8968402905775177,0.3719897130364491,2.4109276658670438,0.007956001946165891,4.167740453026077,5.625940128128958,,0.11934002919248837,False,True
fearsConfirmed,believability,50,15,ok,4.931421859121873,0.9314218591218726,0.37317488640879204,2.495939284889478,0.006281205078136481,4.19999908176064,5.662844636483105,,0.08793687109391073,False,True
gloating,naturalness,50,15,ok,4.821901602918409,0.821901602918409,0.4093232436068196,2.007952433084637,0.022324173294346775,4.019628045449043,5.624175160387775,,0.19352056910386425,False,True
gloating,emotion_match,50,15,ok,4.718057235897965,0.7180572358979651,0.36969534917488683,1.9422944797671322,0.026050730461138726,3.993454351515187,5.442660120280744,,0.13025365230569363,False,True
gloating,coordination,50,15,ok,5.006468901353513,1.0064689013535126,0.3438562770838877,2.927004590083353,0.0017112191481951616,4.332510598269093,5.680427204437932,,0.030801944667512907,True,True
gloating,believability,50,15,ok,4.675585296971411,0.6755852969714109,0.37464204140007507,1.8032821261775123,0.035671959120722754,3.9412868958272638,5.409883698115558,,0.34046899819407056,False,True
gratification,naturalness,50,15,ok,5.161496125851188,1.1614961258511878,0.37646470458600456,3.085272302295846,0.0010168293581317074,4.423625304862619,5.8993669468397565,,0.01830292844637073,True,True
gratification,emotion_match,50,15,ok,4.881334959662402,0.8813349596624018,0.32920267195608954,2.6771804567247197,0.0037122317499868125,4.236097722628466,5.526572196696337,,0.033410085749881316,True,True
gratification,coordination,50,15,ok,4.933501109641203,0.9335011096412034,0.34870778076138004,2.6770297686015674,0.0037139017570766535,4.250033859348899,5.616968359933508,,0.06313632987030311,False,True
gratification,believability,50,15,ok,5.131259296956498,1.1312592969564976,0.33633910001908845,3.3634486650297113,0.00038487575377764145,4.472034660919085,5.790483932993911,,0.007312639321775187,True,True
gratitude,naturalness,50,15,ok,4.768309080557474,0.7683090805574739,0.38623011355321435,1.989252141655229,0.023336689629507974,4.011298057993174,5.525320103121774,,0.19352056910386425,False,True
gratitude,emotion_match,50,15,ok,4.87674261932985,0.8767426193298498,0.29498572599548184,2.972152691019627,0.0014785978734512773,4.298570596378705,5.454914642280994,,0.017743174481415328,True,True
gratitude,coordination,50,15,ok,4.604979454733094,0.604979454733094,0.3876583795961732,1.5605994519280244,0.059309144088359494,3.8451690307245947,5.364789878741593,,0.4295880768601192,False,True
gratitude,believability,50,15,ok,4.70750376582948,0.7075037658294798,0.35126001667581563,2.014188157607611,0.021994891274497063,4.019034133144881,5.395973398514078,,0.2859335865684618,False,True
happyfor,naturalness,50,15,ok,5.024208684931614,1.0242086849316143,0.4059056472288335,2.5232678873132457,0.005813489493240901,4.2286336163631,5.819783753500128,,0.08138885290537262,False,True
happyfor,emotion_match,50,15,ok,5.202850184081933,1.2028501840819326,0.3804456782032575,3.1616870764905785,0.0007842901318511246,4.457176654803548,5.948523713360317,,0.01019577171406462,True,True
happyfor,coordination,50,15,ok,5.089533743749994,1.0895337437499943,0.4081711283098504,2.6693062497132543,0.0038004055700399993,4.289518332262688,5.889549155237301,,0.06313632987030311,False,True
happyfor,believability,50,15,ok,5.053876468547045,1.0538764685470454,0.37055322451662903,2.8440623338841067,0.0022271166471485,4.327592148494452,5.780160788599638,,0.037860983001524504,True,True
hope,naturalness,50,15,ok,4.4770632423133945,0.4770632423133945,0.39560924412648396,1.2058950830806878,0.1139289733716623,3.7016691238254857,5.252457360801303,,0.3968573472351158,False,True
hope,emotion_match,50,15,ok,4.442848963869763,0.44284896386976325,0.35310398975529217,1.2541601814713734,0.10489189479394262,3.7507651439493905,5.134932783790136,,0.20978378958788524,False,True
hope,coordination,50,15,ok,4.659643761475981,0.6596437614759809,0.3357799226775321,1.9645122204327656,0.024735360252135824,4.001515113028018,5.317772409923943,,0.27208896277349404,False,True
hope,believability,50,15,ok,4.467292808793491,0.46729280879349133,0.3719009112027941,1.2564981550655059,0.10446770720448662,3.738367022836015,5.196218594750968,,0.5223385360224331,False,True
joy,naturalness,50,15,ok,5.293310339277836,1.293310339277836,0.3369845234247027,3.8378923937936245,6.204741834776193e-05,4.632820673365419,5.953800005190253,,0.0013650432036507625,True,True
joy,emotion_match,50,15,ok,5.410247361039271,1.4102473610392714,0.21967358929220537,6.419740149842905,6.825357655648417e-11,4.9796871260265485,5.840807596051994,,1.4333251076861676e-09,True,True
joy,coordination,50,15,ok,5.277090441096548,1.277090441096548,0.32853554145422836,3.887221563437673,5.069909701935502e-05,4.633160779846261,5.921020102346835,,0.0011153801344258103,True,True
joy,believability,50,15,ok,5.250966779172934,1.2509667791729342,0.32916878220509665,3.800380980215459,7.223689839860007e-05,4.605795966050945,5.896137592294924,,0.0015892117647692014,True,True
liking,naturalness,50,15,ok,4.542988845193707,0.5429888451937073,0.36941768561919835,1.4698507037733675,0.07080109661589469,3.8189301813800784,5.267047509007336,,0.35400548307947344,False,True
liking,emotion_match,50,15,ok,4.61874927603019,0.61874927603019,0.3411779477303772,1.8135676122865045,0.03487216024910339,3.950040498478651,5.287458053581729,,0.13025365230569363,False,True
liking,coordination,50,15,ok,4.569824734789302,0.569824734789302,0.3840325043556788,1.483792981912667,0.06893192476742925,3.8171210262521713,5.322528443326433,,0.4295880768601192,False,True
liking,believability,50,15,ok,4.446160957301215,0.4461609573012151,0.36171521186923006,1.2334592039842507,0.10870224414951501,3.7371991420375243,5.155122772564906,,0.5223385360224331,False,True
pity,naturalness,50,15,ok,4.773997729289783,0.7739977292897828,0.3626077191366895,2.1345318603049783,0.016399634251087914,4.063286599781872,5.484708858797694,,0.18039597676196706,False,True
pity,emotion_match,50,15,ok,4.952260377107198,0.9522603771071978,0.35931939387985545,2.65017806811063,0.004022467852452489,4.247994365102681,5.656526389111715,,0.033410085749881316,True,True
pity,coordination,50,15,ok,4.628376027634122,0.6283760276341219,0.40439454176597184,1.553868716649917,0.060107867590065124,3.8357627257728173,5.420989329495427,,0.4295880768601192,False,True
pity,believability,50,15,ok,4.680405956823108,0.6804059568231082,0.38646723654222015,1.7605786273392838,0.03915487433922984,3.9229301732003568,5.43788174044586,,0.34046899819407056,False,True
pride,naturalness,50,15,ok,4.474119819988115,0.4741198199881147,0.3686661124936179,1.286041227877494,0.09921433680877895,3.7515342395006237,5.196705400475606,,0.3968573472351158,False,True
pride,emotion_match,50,15,ok,4.6270287698614325,0.6270287698614325,0.33825020289926533,1.8537424796406365,0.03188800559625057,3.9640583721788722,5.289999167543993,,0.13025365230569363,False,True
pride,coordination,50,15,ok,4.247278115019328,0.24727811501932795,0.38133112197237634,0.64846035576724,0.25834362204558675,3.4998691159534703,4.994687114085186,,0.7750308661367602,False,True
pride,believability,50,15,ok,4.3292995886199765,0.32929958861997655,0.35502323480588194,0.9275437671002844,0.17682213933296032,3.633454048400448,5.0251451288395055,,0.5223385360224331,False,True
relief,naturalness,50,15,ok,4.739413683891852,0.7394136838918524,0.3392435126947351,2.179595648029993,0.014643723843482094,4.0744963990101715,5.404330968773533,,0.17572468612178513,False,True
relief,emotion_match,50,15,ok,5.254271718516369,1.2542717185163692,0.35023144389916916,3.581265304315369,0.00017096710816448242,4.567818088473998,5.940725348558741,,0.0027354737306317187,True,True
relief,coordination,50,15,ok,4.825947596605289,0.8259475966052889,0.3766346225244201,2.1929677921517596,0.01415484985017638,4.087743736457425,5.5641514567531525,,0.18401304805229293,False,True
relief,believability,50,15,ok,4.9690517113055055,0.9690517113055055,0.3808911839200663,2.544169443178476,0.0054768967038218205,4.222504990822175,5.715598431788836,,0.08215345055732731,False,True
remorse,naturalness,50,15,ok,5.3977683786971316,1.3977683786971316,0.3993233238266346,3.50034244256659,0.0002323304143573301,4.615094663996928,6.180442093397335,,0.004646608287146602,True,True
remorse,emotion_match,50,15,ok,5.814273775914725,1.8142737759147254,0.27597587016200076,6.574030457263265,2.448560373812745e-11,5.273361070397204,6.355186481432247,,5.386832822388039e-10,True,True
remorse,coordination,50,15,ok,5.1952570924225885,1.1952570924225885,0.381362683870263,3.1341742204363308,0.0008616925039099876,4.447786232036873,5.942727952808304,,0.01723385007819975,True,True
remorse,believability,50,15,ok,5.300125828789465,1.300125828789465,0.3702543136373144,3.511440058637679,0.00022284297953577257,4.5744273740603285,6.0258242835186016,,0.004456859590715451,True,True
reproach,naturalness,50,15,ok,4.907035942855632,0.9070359428556323,0.38560791732366945,2.3522233390614993,0.009330783147744022,4.15124442490124,5.662827460810025,,0.1213001809206723,False,True
reproach,emotion_match,50,15,ok,4.910555774636565,0.9105557746365651,0.3621179756261428,2.514527960292807,0.005959592547138865,4.200804542409325,5.620307006863805,,0.04171714782997206,True,True
reproach,coordination,50,15,ok,4.828800073634765,0.8288000736347652,0.38838489146253274,2.1339657948942614,0.016422790440901915,4.0675656863682015,5.590034460901329,,0.19707348529082297,False,True
reproach,believability,50,15,ok,4.6758565597857595,0.6758565597857595,0.41300025298291887,1.6364555588146625,0.050872139742571196,3.8663760639392386,5.4853370556322805,,0.35610497819799836,False,True
resentment,naturalness,50,15,ok,5.034609316976188,1.034609316976188,0.3673215443908742,2.816631185333468,0.002426510957636827,4.314659089970075,5.754559543982301,,0.03882417532218923,True,True
resentment,emotion_match,50,15,ok,5.0339978464381545,1.0339978464381545,0.27952796911919253,3.6990854607370296,0.00010818886966603838,4.486123026964537,5.581872665911772,,0.0018392107843226524,True,True
resentment,coordination,50,15,ok,4.816158169630521,0.8161581696305209,0.36042384621493073,2.264439986980837,0.011773533461127141,4.109727431049256,5.522588908211786,,0.16482946845577998,False,True
resentment,believability,50,15,ok,4.91268129871659,0.9126812987165902,0.32313643097116657,2.824445686837547,0.002368123734536582,4.279333894013104,5.546028703420077,,0.03788997975258531,True,True
satisfaction,naturalness,50,15,ok,5.142251547610838,1.1422515476108384,0.3655530151519923,3.1247219972618874,0.0008898658601761183,4.425767637912934,5.858735457308743,,0.016907451343346248,True,True
satisfaction,emotion_match,50,15,ok,5.618703659503506,1.618703659503506,0.33100534784804553,4.89026437194182,5.035031852228747e-07,4.9699331777213365,6.267474141285676,,9.56656051923462e-06,True,True
satisfaction,coordination,50,15,ok,5.080157792367186,1.080157792367186,0.35662092118528255,3.028868269357617,0.0012273584621380607,4.381180786844032,5.77913479789034,,0.023319810780623153,True,True
satisfaction,believability,50,15,ok,5.188529204322254,1.1885292043222542,0.3649605476658233,3.2565963963056435,0.0005637831823895414,4.47320653089724,5.903851877747268,,0.010148097283011744,True,True
shame,naturalness,50,15,ok,4.757793859152866,0.7577938591528657,0.3697776966143331,2.0493227852604146,0.02021528102436049,4.033029573788773,5.482558144516958,,0.19352056910386425,False,True
shame,emotion_match,50,15,ok,4.965503176520114,0.9655031765201141,0.33471578516256867,2.884546290672181,0.0019598906319280855,4.3094602376014794,5.621546115438749,,0.019598906319280854,True,True
shame,coordination,50,15,ok,4.515520922376413,0.515520922376413,0.37142462940534776,1.3879556754267048,0.08257527132121667,3.7875286487419313,5.243513196010895,,0.4295880768601192,False,True
shame,believability,50,15,ok,4.505426868885643,0.5054268688856434,0.37063548930518964,1.3636763976195045,0.08633471780350216,3.7789813098474716,5.231872427923815,,0.518008306821013,False,True
