emotion,outcome,condition,mean,ci95_low,ci95_high,n_ratings,n_workers,n_scenarios,bootstrap_valid,bootstrap_requested,ci_status
admiration,believability,expression,3.94,3.0554626623376624,4.789409090909091,50,15,5,2000,2000,ok
admiration,believability,noexpression,3.72,2.798573412698413,4.665547619047619,50,15,5,2000,2000,ok
admiration,coordination,expression,4.08,3.224827380952381,4.822236111111111,50,15,5,2000,2000,ok
admiration,coordination,noexpression,4.220000000000001,3.3753446969696967,5.05001486013986,50,15,5,2000,2000,ok
admiration,emotion_match,expression,4.04,3.244061105561105,4.814874098124098,50,15,5,2000,2000,ok
admiration,emotion_match,noexpression,3.72,2.729356240981241,4.7087619047619045,50,15,5,2000,2000,ok
admiration,naturalness,expression,4.06,3.095551948051948,5.004141025641026,50,15,5,2000,2000,ok
admiration,naturalness,noexpression,3.8,2.926791958041958,4.673464646464646,50,15,5,2000,2000,ok
anger,believability,expression,5.12,4.055105866355866,6.098060286935286,50,15,5,2000,2000,ok
anger,believability,noexpression,3.6799999999999997,2.6968787878787883,4.7221217532467525,50,15,5,2000,2000,ok
anger,coordination,expression,5.159999999999999,4.100832417582417,6.055558080808081,50,15,5,2000,2000,ok
anger,coordination,noexpression,4.140000000000001,3.189189393939394,5.109588744588744,50,15,5,2000,2000,ok
anger,emotion_match,expression,5.56,4.828880952380953,6.3101098484848475,50,15,5,2000,2000,ok
anger,emotion_match,noexpression,3.6799999999999997,2.6984810606060603,4.703919191919191,50,15,5,2000,2000,ok
anger,naturalness,expression,5.14,4.05181746031746,6.09748611111111,50,15,5,2000,2000,ok
anger,naturalness,noexpression,3.7600000000000002,2.7687846320346323,4.739761904761903,50,15,5,2000,2000,ok
disappointment,believability,expression,4.46,3.5404404761904757,5.294995629370629,50,15,5,2000,2000,ok
disappointment,believability,noexpression,3.6399999999999997,2.685905303030303,4.614786435786436,50,15,5,2000,2000,ok
disappointment,coordination,expression,4.4799999999999995,3.4802550505050505,5.334152777777778,50,15,5,2000,2000,ok
disappointment,coordination,noexpression,4.119999999999999,3.2005151515151518,4.967994949494949,50,15,5,2000,2000,ok
disappointment,emotion_match,expression,4.840000000000001,4.14991792929293,5.541541666666668,50,15,5,2000,2000,ok
disappointment,emotion_match,noexpression,3.5200000000000005,2.6053507326007326,4.462267857142856,50,15,5,2000,2000,ok
disappointment,naturalness,expression,4.540000000000001,3.545212121212121,5.469850288600289,50,15,5,2000,2000,ok
disappointment,naturalness,noexpression,3.72,2.84259126984127,4.631214285714284,50,15,5,2000,2000,ok
disliking,believability,expression,4.739999999999999,3.7735456349206347,5.5251287878787885,50,15,5,2000,2000,ok
disliking,believability,noexpression,3.4,2.4956540404040406,4.412648268398267,50,15,5,2000,2000,ok
disliking,coordination,expression,4.640000000000001,3.70302398989899,5.413401515151514,50,15,5,2000,2000,ok
disliking,coordination,noexpression,3.8,2.9842045454545456,4.752522727272726,50,15,5,2000,2000,ok
disliking,emotion_match,expression,5.08,4.3132440476190474,5.749947478991597,50,15,5,2000,2000,ok
disliking,emotion_match,noexpression,3.3800000000000003,2.4351053946053947,4.3771729797979795,50,15,5,2000,2000,ok
disliking,naturalness,expression,4.86,3.8429656177156173,5.710523809523809,50,15,5,2000,2000,ok
disliking,naturalness,noexpression,3.6599999999999993,2.804242063492064,4.572138347763347,50,15,5,2000,2000,ok
distress,believability,expression,4.8,3.9020085470085473,5.5454987373737366,50,15,5,2000,2000,ok
distress,believability,noexpression,3.44,2.457598484848485,4.535195165945166,50,15,5,2000,2000,ok
distress,coordination,expression,4.680000000000001,3.7609834609834607,5.365979797979797,50,15,5,2000,2000,ok
distress,coordination,noexpression,3.9,3.0118154761904763,4.885027777777777,50,15,5,2000,2000,ok
distress,emotion_match,expression,5.2,4.615452922077922,5.792866341991342,50,15,5,2000,2000,ok
distress,emotion_match,noexpression,3.3800000000000003,2.3457916666666665,4.5023059163059145,50,15,5,2000,2000,ok
distress,naturalness,expression,4.8,3.8351273448773453,5.580333333333334,50,15,5,2000,2000,ok
distress,naturalness,noexpression,3.62,2.669075757575758,4.663207972582972,50,15,5,2000,2000,ok
fear,believability,expression,4.6,3.6826888528138526,5.404785353535353,50,15,5,2000,2000,ok
fear,believability,noexpression,3.4799999999999995,2.437159090909091,4.563973484848484,50,15,5,2000,2000,ok
fear,coordination,expression,4.58,3.6802840909090913,5.310660714285714,50,15,5,2000,2000,ok
fear,coordination,noexpression,3.939999999999999,2.9506507381507383,4.902511946386945,50,15,5,2000,2000,ok
fear,emotion_match,expression,4.959999999999999,4.24755994005994,5.6702582972582976,50,15,5,2000,2000,ok
fear,emotion_match,noexpression,3.3600000000000003,2.2534242424242428,4.520377525252525,50,15,5,2000,2000,ok
fear,naturalness,expression,4.500000000000001,3.5298461538461536,5.4000568181818185,50,15,5,2000,2000,ok
fear,naturalness,noexpression,3.62,2.7451363636363637,4.627297979797979,50,15,5,2000,2000,ok
fearsConfirmed,believability,expression,4.9,3.994039862914863,5.6130373376623375,50,15,5,2000,2000,ok
fearsConfirmed,believability,noexpression,3.4,2.1906969696969703,4.649226190476191,50,15,5,2000,2000,ok
fearsConfirmed,coordination,expression,4.859999999999999,3.9669242424242417,5.578571428571428,50,15,5,2000,2000,ok
fearsConfirmed,coordination,noexpression,3.9799999999999995,2.764730158730159,5.170285353535354,50,15,5,2000,2000,ok
fearsConfirmed,emotion_match,expression,5.34,4.588135198135198,5.982160714285714,50,15,5,2000,2000,ok
fearsConfirmed,emotion_match,noexpression,3.34,2.175535984848485,4.524262820512821,50,15,5,2000,2000,ok
fearsConfirmed,naturalness,expression,4.88,4.022569444444445,5.558421717171717,50,15,5,2000,2000,ok
fearsConfirmed,naturalness,noexpression,3.54,2.412521478521479,4.748372474747474,50,15,5,2000,2000,ok
gloating,believability,expression,4.720000000000001,3.6951464646464642,5.619163059163059,50,15,5,2000,2000,ok
gloating,believability,noexpression,3.72,2.7501870213120214,4.707582972582973,50,15,5,2000,2000,ok
gloating,coordination,expression,4.92,3.9143912337662337,5.738090909090907,50,15,5,2000,2000,ok
gloating,coordination,noexpression,4.34,3.373055777555777,5.298831349206349,50,15,5,2000,2000,ok
gloating,emotion_match,expression,4.779999999999999,3.7984742063492063,5.620643939393937,50,15,5,2000,2000,ok
gloating,emotion_match,noexpression,3.8,2.778759573759573,4.854621336996336,50,15,5,2000,2000,ok
gloating,naturalness,expression,4.840000000000001,3.7482058080808085,5.8069155844155835,50,15,5,2000,2000,ok
gloating,naturalness,noexpression,4.0200000000000005,3.0520128205128207,4.9225937950937935,50,15,5,2000,2000,ok
gratification,believability,expression,5.0200000000000005,4.014262626262626,5.822222222222222,50,15,5,2000,2000,ok
gratification,believability,noexpression,3.6199999999999997,2.603916305916306,4.700348124098123,50,15,5,2000,2000,ok
gratification,coordination,expression,4.88,3.8645757575757576,5.67290909090909,50,15,5,2000,2000,ok
gratification,coordination,noexpression,3.9799999999999995,3.0790411255411256,4.9447132034632,50,15,5,2000,2000,ok
gratification,emotion_match,expression,5.02,4.10965800865801,5.7421792929292925,50,15,5,2000,2000,ok
gratification,emotion_match,noexpression,3.5,2.503700757575758,4.546468253968254,50,15,5,2000,2000,ok
gratification,naturalness,expression,5.08,4.057663419913419,5.92520202020202,50,15,5,2000,2000,ok
gratification,naturalness,noexpression,3.6399999999999997,2.751659090909091,4.60121626984127,50,15,5,2000,2000,ok
gratitude,believability,expression,4.680000000000001,3.7161507936507943,5.565941919191919,50,15,5,2000,2000,ok
gratitude,believability,noexpression,3.56,2.6430959595959593,4.54200018037518,50,15,5,2000,2000,ok
gratitude,coordination,expression,4.68,3.7246275252525254,5.438075036075037,50,15,5,2000,2000,ok
gratitude,coordination,noexpression,4.0200000000000005,3.1287499999999997,4.908888888888889,50,15,5,2000,2000,ok
gratitude,emotion_match,expression,4.9,4.17853354978355,5.6014130869130865,50,15,5,2000,2000,ok
gratitude,emotion_match,noexpression,3.4,2.4349737345987346,4.440659992784993,50,15,5,2000,2000,ok
gratitude,naturalness,expression,4.720000000000001,3.653282051282052,5.697857683982684,50,15,5,2000,2000,ok
gratitude,naturalness,noexpression,3.6,2.7147199467199465,4.534674603174603,50,15,5,2000,2000,ok
happyfor,believability,expression,4.96,3.978410714285715,5.719239898989899,50,15,5,2000,2000,ok
happyfor,believability,noexpression,3.4799999999999995,2.375193556443557,4.678220238095237,50,15,5,2000,2000,ok
happyfor,coordination,expression,5.0200000000000005,3.9904107142857144,5.7972057942057935,50,15,5,2000,2000,ok
happyfor,coordination,noexpression,3.88,2.845852272727273,4.943361111111111,50,15,5,2000,2000,ok
happyfor,emotion_match,expression,5.220000000000001,4.185464646464647,6.0111607142857135,50,15,5,2000,2000,ok
happyfor,emotion_match,noexpression,3.38,2.252330586080586,4.542779761904762,50,15,5,2000,2000,ok
happyfor,naturalness,expression,4.9,3.8953333333333333,5.7715218253968255,50,15,5,2000,2000,ok
happyfor,naturalness,noexpression,3.8,2.774508741258741,4.9554209956709965,50,15,5,2000,2000,ok
hope,believability,expression,4.2,3.2989397824397835,5.111450396825396,50,15,5,2000,2000,ok
hope,believability,noexpression,3.6,2.522249417249417,4.74344264069264,50,15,5,2000,2000,ok
hope,coordination,expression,4.4399999999999995,3.648858585858586,5.2056547619047615,50,15,5,2000,2000,ok
hope,coordination,noexpression,4.1000000000000005,3.0776827200577204,5.091861888111888,50,15,5,2000,2000,ok
hope,emotion_match,expression,4.34,3.4191174242424243,5.204572150072149,50,15,5,2000,2000,ok
hope,emotion_match,noexpression,3.5799999999999996,2.4555075757575757,4.765410353535352,50,15,5,2000,2000,ok
hope,naturalness,expression,4.220000000000001,3.199049533799534,5.204720279720279,50,15,5,2000,2000,ok
hope,naturalness,noexpression,3.7,2.67793740981241,4.7956996753246734,50,15,5,2000,2000,ok
joy,believability,expression,5.000000000000001,4.191818181818181,5.642821386946387,50,15,5,2000,2000,ok
joy,believability,noexpression,3.4799999999999995,2.386363816738817,4.653388888888888,50,15,5,2000,2000,ok
joy,coordination,expression,5.08,4.255022727272727,5.73519246031746,50,15,5,2000,2000,ok
joy,coordination,noexpression,3.88,2.857933316683317,4.939956709956709,50,15,5,2000,2000,ok
joy,emotion_match,expression,5.359999999999999,4.816522727272727,5.869876803751803,50,15,5,2000,2000,ok
joy,emotion_match,noexpression,3.34,2.1670156926406925,4.57465367965368,50,15,5,2000,2000,ok
joy,naturalness,expression,5.1,4.213928127428128,5.875029761904762,50,15,5,2000,2000,ok
joy,naturalness,noexpression,3.7600000000000002,2.806037296037296,4.8350407231657195,50,15,5,2000,2000,ok
liking,believability,expression,4.6,3.6696331168831176,5.296615634365634,50,15,5,2000,2000,ok
liking,believability,noexpression,3.56,2.446729797979798,4.761010822510822,50,15,5,2000,2000,ok
liking,coordination,expression,4.74,3.770962121212121,5.48992334054834,50,15,5,2000,2000,ok
liking,coordination,noexpression,3.960000000000001,3.040637237762238,4.970035714285714,50,15,5,2000,2000,ok
liking,emotion_match,expression,4.9,4.170052308802309,5.520224358974359,50,15,5,2000,2000,ok
liking,emotion_match,noexpression,3.3,2.2275039682539686,4.450651515151514,50,15,5,2000,2000,ok
liking,naturalness,expression,4.6,3.684641414141414,5.3255320512820505,50,15,5,2000,2000,ok
liking,naturalness,noexpression,3.8600000000000003,2.9323180014430013,4.935094696969697,50,15,5,2000,2000,ok
pity,believability,expression,4.6,3.682896645021645,5.4199810606060606,50,15,5,2000,2000,ok
pity,believability,noexpression,3.2600000000000002,2.1866428571428576,4.413791958041957,50,15,5,2000,2000,ok
pity,coordination,expression,4.619999999999999,3.71039411976912,5.371130050505049,50,15,5,2000,2000,ok
pity,coordination,noexpression,3.6399999999999997,2.6551893939393936,4.720487179487178,50,15,5,2000,2000,ok
pity,emotion_match,expression,4.92,4.1917747668997665,5.609027389277389,50,15,5,2000,2000,ok
pity,emotion_match,noexpression,3.18,2.1148531746031742,4.335028138528139,50,15,5,2000,2000,ok
pity,naturalness,expression,4.7,3.839961538461538,5.488347222222222,50,15,5,2000,2000,ok
pity,naturalness,noexpression,3.54,2.502839160839161,4.63836616161616,50,15,5,2000,2000,ok
pride,believability,expression,4.339999999999999,3.412075174825175,5.180506493506492,50,15,5,2000,2000,ok
pride,believability,noexpression,3.6399999999999997,2.708931318681319,4.608982142857143,50,15,5,2000,2000,ok
pride,coordination,expression,4.26,3.3148876262626263,5.138920163170162,50,15,5,2000,2000,ok
pride,coordination,noexpression,4.0200000000000005,3.1285963203463205,4.891444444444445,50,15,5,2000,2000,ok
pride,emotion_match,expression,4.66,3.767839355089355,5.420055555555555,50,15,5,2000,2000,ok
pride,emotion_match,noexpression,3.5200000000000005,2.653693181818182,4.47656204906205,50,15,5,2000,2000,ok
pride,naturalness,expression,4.52,3.5759841269841264,5.320607808857809,50,15,5,2000,2000,ok
pride,naturalness,noexpression,3.56,2.7149280303030303,4.462350649350648,50,15,5,2000,2000,ok
relief,believability,expression,5.04,4.161071428571429,5.720027777777778,50,15,5,2000,2000,ok
relief,believability,noexpression,3.7,2.5880126262626266,4.8401868686868665,50,15,5,2000,2000,ok
relief,coordination,expression,4.98,4.088436868686869,5.66331764069264,50,15,5,2000,2000,ok
relief,coordination,noexpression,4.08,3.0800425685425683,5.073444444444443,50,15,5,2000,2000,ok
relief,emotion_match,expression,5.339999999999999,4.502507575757575,6.01275,50,15,5,2000,2000,ok
relief,emotion_match,noexpression,3.5199999999999996,2.38713036963037,4.682539682539682,50,15,5,2000,2000,ok
relief,naturalness,expression,4.9399999999999995,4.049645021645022,5.671164141414141,50,15,5,2000,2000,ok
relief,naturalness,noexpression,3.6399999999999997,2.569861111111111,4.754315476190472,50,15,5,2000,2000,ok
remorse,believability,expression,5.4399999999999995,4.417952776390277,6.2259913419913415,50,15,5,2000,2000,ok
remorse,believability,noexpression,3.7,2.6208106060606062,4.835013819513819,50,15,5,2000,2000,ok
remorse,coordination,expression,5.3,4.3027044483294485,6.097246212121212,50,15,5,2000,2000,ok
remorse,coordination,noexpression,4.32,3.2721120129870136,5.31133547008547,50,15,5,2000,2000,ok
remorse,emotion_match,expression,5.88,5.277511363636364,6.435730519480519,50,15,5,2000,2000,ok
remorse,emotion_match,noexpression,3.46,2.398959207459207,4.569085317460318,50,15,5,2000,2000,ok
remorse,naturalness,expression,5.48,4.391845238095238,6.333615828615827,50,15,5,2000,2000,ok
remorse,naturalness,noexpression,3.7,2.721164141414141,4.689007215007215,50,15,5,2000,2000,ok
reproach,believability,expression,4.76,3.740668650793651,5.599075369075369,50,15,5,2000,2000,ok
reproach,believability,noexpression,3.8200000000000003,2.7954583333333334,4.893040695415695,50,15,5,2000,2000,ok
reproach,coordination,expression,4.9,3.91454816017316,5.660339826839827,50,15,5,2000,2000,ok
reproach,coordination,noexpression,4.319999999999999,3.297703962703962,5.330595238095238,50,15,5,2000,2000,ok
reproach,emotion_match,expression,5.0600000000000005,4.2955284992784994,5.778384559884559,50,15,5,2000,2000,ok
reproach,emotion_match,noexpression,3.7600000000000002,2.7529835442335444,4.814953463203462,50,15,5,2000,2000,ok
reproach,naturalness,expression,4.9,3.8459794372294374,5.855246212121212,50,15,5,2000,2000,ok
reproach,naturalness,noexpression,3.8,2.776080586080586,4.927003968253969,50,15,5,2000,2000,ok
resentment,believability,expression,4.76,3.853416666666666,5.593348484848485,50,15,5,2000,2000,ok
resentment,believability,noexpression,3.5200000000000005,2.478544705294705,4.650600649350648,50,15,5,2000,2000,ok
resentment,coordination,expression,4.8,3.9220126262626267,5.578803030303031,50,15,5,2000,2000,ok
resentment,coordination,noexpression,4.08,3.1281742424242425,5.079398809523809,50,15,5,2000,2000,ok
resentment,emotion_match,expression,5.0200000000000005,4.401537518037517,5.661700757575757,50,15,5,2000,2000,ok
resentment,emotion_match,noexpression,3.44,2.45271645021645,4.481422438672439,50,15,5,2000,2000,ok
resentment,naturalness,expression,4.86,3.9266731601731597,5.75031746031746,50,15,5,2000,2000,ok
resentment,naturalness,noexpression,3.5599999999999996,2.703521825396825,4.512628968253968,50,15,5,2000,2000,ok
satisfaction,believability,expression,5.0600000000000005,4.065819597069597,5.798202755577756,50,15,5,2000,2000,ok
satisfaction,believability,noexpression,3.56,2.4181818181818184,4.7533650793650795,50,15,5,2000,2000,ok
satisfaction,coordination,expression,5.0,4.067897727272727,5.712786075036075,50,15,5,2000,2000,ok
satisfaction,coordination,noexpression,4.0200000000000005,2.941625,5.0856818181818175,50,15,5,2000,2000,ok
satisfaction,emotion_match,expression,5.54,4.678279761904761,6.219513888888888,50,15,5,2000,2000,ok
satisfaction,emotion_match,noexpression,3.4799999999999995,2.3844642857142855,4.605818903318903,50,15,5,2000,2000,ok
satisfaction,naturalness,expression,5.040000000000001,4.0596161616161615,5.801268939393939,50,15,5,2000,2000,ok
satisfaction,naturalness,noexpression,3.7600000000000002,2.7585901875901877,4.852131313131313,50,15,5,2000,2000,ok
shame,believability,expression,4.539999999999999,3.667611111111111,5.35858189033189,50,15,5,2000,2000,ok
shame,believability,noexpression,3.6,2.6788677156177156,4.655337121212121,50,15,5,2000,2000,ok
shame,coordination,expression,4.5,3.5676275252525254,5.304374999999999,50,15,5,2000,2000,ok
shame,coordination,noexpression,3.8600000000000003,2.936583333333333,4.8567222222222215,50,15,5,2000,2000,ok
shame,emotion_match,expression,5.0600000000000005,4.3410629370629366,5.780000180375179,50,15,5,2000,2000,ok
shame,emotion_match,noexpression,3.38,2.4534523809523807,4.400178571428571,50,15,5,2000,2000,ok
shame,naturalness,expression,4.7,3.7648737373737373,5.617506313131311,50,15,5,2000,2000,ok
shame,naturalness,noexpression,3.56,2.662727272727273,4.562805916305916,50,15,5,2000,2000,ok
